<?xml version="1.0"?>
<ruleset xmlns:xsi="http://www.w3.org/2001/XMLSchema-instance" name="PHP_CodeSniffer" xsi:noNamespaceSchemaLocation="phpcs.xsd">
    <file>lib</file>
    <file>tests</file>

    <arg name="basepath" value="." />
    <arg name="colors" />
    <arg name="parallel" value="75" />
    <arg value="np" />

    <rule ref="PSR2">
        <exclude name="PSR1.Classes.ClassDeclaration.MissingNamespace" />
        <exclude name="PSR1.Methods.CamelCapsMethodName.NotCamelCaps" />
    </rule>
</ruleset>
